"Date","CityHall","Stadium"
"2010-01-01","28684","12237"
"2010-01-02","47297","14201"
"2010-01-03","31925","17971"
"2010-01-04","126925","36785"
"2010-01-05","126474","33404"
"2010-01-06","116874","33442"
"2010-01-07","113057","30490"
"2010-01-08","116225","35145"
"2010-01-09","61964","21713"
"2010-01-10","39133","18243"
"2010-01-11","114778","30050"
"2010-01-12","115543","28635"
"2010-01-13","111227","32905"
"2010-01-14","112512","27211"
"2010-01-15","122046","33546"
"2010-01-16","63883","26246"
"2010-01-17","40988","19960"
"2010-01-18","114284","29147"
"2010-01-19","121946","29611"
"2010-01-20","116873","28244"
"2010-01-21","119125","31843"
"2010-01-22","115954","29371"
"2010-01-23","64885","27138"
"2010-01-24","42852","16454"
"2010-01-25","112857","28486"
"2010-01-26","119156","28146"
"2010-01-27","117872","28946"
"2010-01-28","120755","31651"
"2010-01-29","118498","29383"
"2010-01-30","63319","24363"
"2010-01-31","37853","21666"
"2010-02-01","111110","28207"
"2010-02-02","115669","29609"
"2010-02-03","113277","28938"
"2010-02-04","113889","29020"
"2010-02-05","116105","30042"
"2010-02-06","57888","24274"
"2010-02-07","37554","19541"
"2010-02-08","111437","28209"
"2010-02-09","116095","28017"
"2010-02-10","117064","30515"
"2010-02-11","115130","30941"
"2010-02-12","101456","30143"
"2010-02-13","22219","10168"
"2010-02-14","19745","9705"
"2010-02-15","25370","13184"
"2010-02-16","99276","24241"
"2010-02-17","116715","31334"
"2010-02-18","120268","38479"
"2010-02-19","122365","40241"
"2010-02-20","66097","25027"
"2010-02-21","39711","22100"
"2010-02-22","116128","30035"
"2010-02-23","123260","38478"
"2010-02-24","120379","31917"
"2010-02-25","115230","28643"
"2010-02-26","121432","28871"
"2010-02-27","64142","25426"
"2010-02-28","44722","33015"
"2010-03-01","34049","16852"
"2010-03-02","113351","31490"
"2010-03-03","113162","30859"
"2010-03-04","112206","29913"
"2010-03-05","117882","30499"
"2010-03-06","61306","30413"
"2010-03-07","46458","22231"
"2010-03-08","113465","30289"
"2010-03-09","118180","31588"
"2010-03-10","117742","30729"
"2010-03-11","114091","30784"
"2010-03-12","118619","31279"
"2010-03-13","66401","36412"
"2010-03-14","41915","33653"
"2010-03-15","110284","34077"
"2010-03-16","117858","32409"
"2010-03-17","116320","38085"
"2010-03-18","114698","31309"
"2010-03-19","116624","34236"
"2010-03-20","59661","24784"
"2010-03-21","42343","47038"
"2010-03-22","111439","29530"
"2010-03-23","116404","37041"
"2010-03-24","116960","30576"
"2010-03-25","117738","30052"
"2010-03-26","123167","31522"
"2010-03-27","73879","50479"
"2010-03-28","42349","58352"
"2010-03-29","113776","32585"
"2010-03-30","118583","40602"
"2010-03-31","114848","29451"
"2010-04-01","115091","34160"
"2010-04-02","122931","37071"
"2010-04-03","71911","34147"
"2010-04-04","46960","30695"
"2010-04-05","112016","29837"
"2010-04-06","115766","37112"
"2010-04-07","115369","37873"
"2010-04-08","115352","39090"
"2010-04-09","117433","56272"
"2010-04-10","57453","54142"
"2010-04-11","36359","45188"
"2010-04-12","113131","30077"
"2010-04-13","113615","35996"
"2010-04-14","115067","35421"
"2010-04-15","111765","37076"
"2010-04-16","114742","51009"
"2010-04-17","62989","50850"
"2010-04-18","34990","38473"
"2010-04-19","110719","28972"
"2010-04-20","114821","37207"
"2010-04-21","114688","34388"
"2010-04-22","113198","39673"
"2010-04-23","114087","41102"
"2010-04-24","59396","47950"
"2010-04-25","38575","33883"
"2010-04-26","117647","30190"
"2010-04-27","118486","30657"
"2010-04-28","123745","31281"
"2010-04-29","121247","41054"
"2010-04-30","119547","41805"
"2010-05-01","61586","52929"
"2010-05-02","41678","44703"
"2010-05-03","114777","36370"
"2010-05-04","122109","54237"
"2010-05-05","53703","44554"
"2010-05-06","114011","42963"
"2010-05-07","120075","55405"
"2010-05-08","60730","48616"
"2010-05-09","44991","48419"
"2010-05-10","112432","31797"
"2010-05-11","116686","46388"
"2010-05-12","116938","43690"
"2010-05-13","116909","44380"
"2010-05-14","124539","59167"
"2010-05-15","71360","80221"
"2010-05-16","45157","44510"
"2010-05-17","114157","32362"
"2010-05-18","113455","30992"
"2010-05-19","117847","41085"
"2010-05-20","121497","45190"
"2010-05-21","56279","45247"
"2010-05-22","60192","40503"
"2010-05-23","64347","28711"
"2010-05-24","110043","31249"
"2010-05-25","117953","44829"
"2010-05-26","118178","55870"
"2010-05-27","133808","53114"
"2010-05-28","119228","83374"
"2010-05-29","72064","90994"
"2010-05-30","46608","39446"
"2010-05-31","111080","28819"
"2010-06-01","116179","40051"
"2010-06-02","47101","32019"
"2010-06-03","114132","36126"
"2010-06-04","114587","42805"
"2010-06-05","60835","70593"
"2010-06-06","34702","34184"
"2010-06-07","111389","30921"
"2010-06-08","116197","40213"
"2010-06-09","112613","36914"
"2010-06-10","113350","36099"
"2010-06-11","115329","43153"
"2010-06-12","108988","65892"
"2010-06-13","38480","27046"
"2010-06-14","108062","29012"
"2010-06-15","115236","37912"
"2010-06-16","114157","40504"
"2010-06-17","208827","41609"
"2010-06-18","113196","44690"
"2010-06-19","59985","39191"
"2010-06-20","34753","32485"
"2010-06-21","112337","28342"
"2010-06-22","147388","35333"
"2010-06-23","131116","35119"
"2010-06-24","114768","37022"
"2010-06-25","115891","47464"
"2010-06-26","119459","34853"
"2010-06-27","30486","26502"
"2010-06-28","112937","28328"
"2010-06-29","122027","33546"
"2010-06-30","111218","32909"
"2010-07-01","112599","32996"
"2010-07-02","109887","28143"
"2010-07-03","61166","35772"
"2010-07-04","32689","30500"
"2010-07-05","112267","29023"
"2010-07-06","115460","38535"
"2010-07-07","116509","39982"
"2010-07-08","115503","40928"
"2010-07-09","115523","42556"
"2010-07-10","58524","40033"
"2010-07-11","31960","27363"
"2010-07-12","111234","28867"
"2010-07-13","116871","38889"
"2010-07-14","115879","47039"
"2010-07-15","116941","44383"
"2010-07-16","112221","31338"
"2010-07-17","48799","22261"
"2010-07-18","34375","38477"
"2010-07-19","111307","28536"
"2010-07-20","115243","39016"
"2010-07-21","113016","38381"
"2010-07-22","112197","42470"
"2010-07-23","109282","30336"
"2010-07-24","55497","21986"
"2010-07-25","35341","17572"
"2010-07-26","109547","27494"
"2010-07-27","114145","36544"
"2010-07-28","113063","35952"
"2010-07-29","114009","36151"
"2010-07-30","115129","38586"
"2010-07-31","55635","32674"
"2010-08-01","36106","26806"
"2010-08-02","97970","25132"
"2010-08-03","111324","44166"
"2010-08-04","107387","41345"
"2010-08-05","104901","44096"
"2010-08-06","106042","37448"
"2010-08-07","48922","29359"
"2010-08-08","40028","31453"
"2010-08-09","103154","26416"
"2010-08-10","110757","28964"
"2010-08-11","114978","32437"
"2010-08-12","113139","31902"
"2010-08-13","113122","37979"
"2010-08-14","55953","34243"
"2010-08-15","102142","33824"
"2010-08-16","109066","27101"
"2010-08-17","119207","39681"
"2010-08-18","117333","33988"
"2010-08-19","116971","34572"
"2010-08-20","119769","38012"
"2010-08-21","66270","74203"
"2010-08-22","42758","24735"
"2010-08-23","104313","27430"
"2010-08-24","111284","37605"
"2010-08-25","109736","32457"
"2010-08-26","112858","28030"
"2010-08-27","117908","35959"
"2010-08-28","58221","36143"
"2010-08-29","31442","16296"
"2010-08-30","110081","26825"
"2010-08-31","116757","32107"
"2010-09-01","114284","33017"
"2010-09-02","100097","27068"
"2010-09-03","114733","40258"
"2010-09-04","61702","51543"
"2010-09-05","34033","31421"
"2010-09-06","110276","29061"
"2010-09-07","115065","44477"
"2010-09-08","118499","34857"
"2010-09-09","130569","39778"
"2010-09-10","124205","52550"
"2010-09-11","71333","36868"
"2010-09-12","49370","36377"
"2010-09-13","115065","31056"
"2010-09-14","118724","36200"
"2010-09-15","119205","30076"
"2010-09-16","119495","37421"
"2010-09-17","122247","47377"
"2010-09-18","57763","49263"
"2010-09-19","41541","27516"
"2010-09-20","85766","29061"
"2010-09-21","16762","10353"
"2010-09-22","21138","17162"
"2010-09-23","32966","24081"
"2010-09-24","83293","38723"
"2010-09-25","50304","40938"
"2010-09-26","35781","34885"
"2010-09-27","113527","32865"
"2010-09-28","124118","34270"
"2010-09-29","116392","63465"
"2010-09-30","116233","62407"
"2010-10-01","120050","40934"
"2010-10-02","65448","47391"
"2010-10-03","48434","33966"
"2010-10-04","115064","38855"
"2010-10-05","118780","68706"
"2010-10-06","120063","43211"
"2010-10-07","118264","41435"
"2010-10-08","131818","32866"
"2010-10-09","75190","26219"
"2010-10-10","49760","44953"
"2010-10-11","110939","56247"
"2010-10-12","115266","29278"
"2010-10-13","115425","29165"
"2010-10-14","116082","29105"
"2010-10-15","117936","28868"
"2010-10-16","66721","31485"
"2010-10-17","38454","23342"
"2010-10-18","112013","29168"
"2010-10-19","113489","29759"
"2010-10-20","114315","29942"
"2010-10-21","115279","30114"
"2010-10-22","123077","33906"
"2010-10-23","65471","67125"
"2010-10-24","42812","23852"
"2010-10-25","114610","30560"
"2010-10-26","117035","32664"
"2010-10-27","114852","30197"
"2010-10-28","119153","31958"
"2010-10-29","122631","33017"
"2010-10-30","74459","39102"
"2010-10-31","52319","20306"
"2010-11-01","113586","32295"
"2010-11-02","117150","31312"
"2010-11-03","118397","30135"
"2010-11-04","118162","28955"
"2010-11-05","125874","33166"
"2010-11-06","97022","26369"
"2010-11-07","72831","43029"
"2010-11-08","116007","28322"
"2010-11-09","123253","32392"
"2010-11-10","129252","33268"
"2010-11-11","129049","31254"
"2010-11-12","134532","50036"
"2010-11-13","94067","30585"
"2010-11-14","52677","23729"
"2010-11-15","114073","27397"
"2010-11-16","120824","27049"
"2010-11-17","120388","28654"
"2010-11-18","119409","26982"
"2010-11-19","120636","27543"
"2010-11-20","71336","26720"
"2010-11-21","45695","40945"
"2010-11-22","113473","27499"
"2010-11-23","118421","27199"
"2010-11-24","116951","27217"
"2010-11-25","117378","27606"
"2010-11-26","118732","38588"
"2010-11-27","59621","50020"
"2010-11-28","37291","46538"
"2010-11-29","114390","26954"
"2010-11-30","122724","31962"
"2010-12-01","118446","29326"
"2010-12-02","118465","32515"
"2010-12-03","123766","27884"
"2010-12-04","63791","25400"
"2010-12-05","44125","15700"
"2010-12-06","117469","27071"
"2010-12-07","119437","28535"
"2010-12-08","122876","29815"
"2010-12-09","121199","29165"
"2010-12-10","124432","29412"
"2010-12-11","65883","29082"
"2010-12-12","40978","30407"
"2010-12-13","117728","26803"
"2010-12-14","122292","27196"
"2010-12-15","115770","39749"
"2010-12-16","118807","28205"
"2010-12-17","129667","34527"
"2010-12-18","76889","22897"
"2010-12-19","47193","26905"
"2010-12-20","118541","27015"
"2010-12-21","129723","33484"
"2010-12-22","128617","33548"
"2010-12-23","131346","40143"
"2010-12-24","136226","52377"
"2010-12-25","67893","31907"
"2010-12-26","39882","27205"
"2010-12-27","118295","26518"
"2010-12-28","134585","29352"
"2010-12-29","130966","33226"
"2010-12-30","126413","31764"
"2010-12-31","121074","40430"
"2011-01-01","33438","14889"
"2011-01-02","37156","20084"
"2011-01-03","109660","26706"
"2011-01-04","121921","28449"
"2011-01-05","122786","26410"
"2011-01-06","120785","28316"
"2011-01-07","123076","27883"
"2011-01-08","68569","25525"
"2011-01-09","43906","21153"
"2011-01-10","112687","26393"
"2011-01-11","125321","33202"
"2011-01-12","122731","26829"
"2011-01-13","123026","26162"
"2011-01-14","129722","34734"
"2011-01-15","63400","19754"
"2011-01-16","32191","17197"
"2011-01-17","111723","25812"
"2011-01-18","119973","28944"
"2011-01-19","122250","26859"
"2011-01-20","123052","30136"
"2011-01-21","126823","28498"
"2011-01-22","72226","21191"
"2011-01-23","47476","29188"
"2011-01-24","120319","29847"
"2011-01-25","126936","30421"
"2011-01-26","124209","27346"
"2011-01-27","126025","26750"
"2011-01-28","131011","27733"
"2011-01-29","58246","25492"
"2011-01-30","35861","20731"
"2011-01-31","110927","24899"
"2011-02-01","101836","24244"
"2011-02-02","22776","7604"
"2011-02-03","20148","6286"
"2011-02-04","33368","13112"
"2011-02-05","47082","12000"
"2011-02-06","34859","18149"
"2011-02-07","111300","26413"
"2011-02-08","121881","29042"
"2011-02-09","119914","27492"
"2011-02-10","119864","31735"
"2011-02-11","124195","28299"
"2011-02-12","66521","27778"
"2011-02-13","42156","16556"
"2011-02-14","115602","27420"
"2011-02-15","121206","33961"
"2011-02-16","119148","29363"
"2011-02-17","120631","42122"
"2011-02-18","124936","39409"
"2011-02-19","69959","22142"
"2011-02-20","46255","25792"
"2011-02-21","119630","32688"
"2011-02-22","127072","29376"
"2011-02-23","127812","35911"
"2011-02-24","129806","38365"
"2011-02-25","131706","31427"
"2011-02-26","72023","33217"
"2011-02-27","36663","17413"
"2011-02-28","118095","46646"
"2011-03-01","58643","14198"
"2011-03-02","114985","27792"
"2011-03-03","116055","29250"
"2011-03-04","118803","30473"
"2011-03-05","64695","28594"
"2011-03-06","38704","20052"
"2011-03-07","115410","28936"
"2011-03-08","119913","30655"
"2011-03-09","120342","29219"
"2011-03-10","119930","31426"
"2011-03-11","123104","30083"
"2011-03-12","69007","32634"
"2011-03-13","40872","28837"
"2011-03-14","115913","28053"
"2011-03-15","120667","33233"
"2011-03-16","117034","32324"
"2011-03-17","119169","31101"
"2011-03-18","122037","37930"
"2011-03-19","65865","35858"
"2011-03-20","38250","42410"
"2011-03-21","114744","29365"
"2011-03-22","120778","31514"
"2011-03-23","122258","31985"
"2011-03-24","123207","32466"
"2011-03-25","126711","35454"
"2011-03-26","78169","39329"
"2011-03-27","45227","33942"
"2011-03-28","114527","28314"
"2011-03-29","119968","28837"
"2011-03-30","120789","33480"
"2011-03-31","116674","30106"
"2011-04-01","119668","30214"
"2011-04-02","59142","48292"
"2011-04-03","36748","48004"
"2011-04-04","116302","28645"
"2011-04-05","119117","45551"
"2011-04-06","117348","39037"
"2011-04-07","110761","29830"
"2011-04-08","120855","59310"
"2011-04-09","65638","58865"
"2011-04-10","36167","46259"
"2011-04-11","115755","29402"
"2011-04-12","121045","42436"
"2011-04-13","119836","50557"
"2011-04-14","119869","43719"
"2011-04-15","116633","50433"
"2011-04-16","64843","58902"
"2011-04-17","36762","43426"
"2011-04-18","109299","28735"
"2011-04-19","117099","38370"
"2011-04-20","118680","39997"
"2011-04-21","118573","39399"
"2011-04-22","113880","44184"
"2011-04-23","57247","54066"
"2011-04-24","35087","53384"
"2011-04-25","115181","29775"
"2011-04-26","115896","35847"
"2011-04-27","116877","42586"
"2011-04-28","121616","49019"
"2011-04-29","122463","45376"
"2011-04-30","53720","23485"
"2011-05-01","46789","30166"
"2011-05-02","116326","29557"
"2011-05-03","120650","55000"
"2011-05-04","123836","59627"
"2011-05-05","71679","46739"
"2011-05-06","108591","61161"
"2011-05-07","67696","60349"
"2011-05-08","43922","67358"
"2011-05-09","97350","26110"
"2011-05-10","35453","27331"
"2011-05-11","115183","40252"
"2011-05-12","119619","44570"
"2011-05-13","124361","53807"
"2011-05-14","74497","57839"
"2011-05-15","43356","46158"
"2011-05-16","116974","29918"
"2011-05-17","120735","42745"
"2011-05-18","120171","42491"
"2011-05-19","117796","40505"
"2011-05-20","116832","36951"
"2011-05-21","75773","53376"
"2011-05-22","44519","48534"
"2011-05-23","118449","28406"
"2011-05-24","121778","53688"
"2011-05-25","118649","56449"
"2011-05-26","121080","60808"
"2011-05-27","121977","48671"
"2011-05-28","77947","55916"
"2011-05-29","40805","42153"
"2011-05-30","114921","28111"
"2011-05-31","117228","49171"
"2011-06-01","115663","49359"
"2011-06-02","117678","55462"
"2011-06-03","118167","45745"
"2011-06-04","60100","45271"
"2011-06-05","41410","40819"
"2011-06-06","49023","64484"
"2011-06-07","115241","42000"
"2011-06-08","117415","43037"
"2011-06-09","116366","41713"
"2011-06-10","129019","41962"
"2011-06-11","66241","45302"
"2011-06-12","35775","34483"
"2011-06-13","113763","28840"
"2011-06-14","119107","33039"
"2011-06-15","119226","34221"
"2011-06-16","116622","34839"
"2011-06-17","120607","46560"
"2011-06-18","63259","54711"
"2011-06-19","34244","35493"
"2011-06-20","114698","27960"
"2011-06-21","117301","39485"
"2011-06-22","126813","28377"
"2011-06-23","111512","25927"
"2011-06-24","117265","32224"
"2011-06-25","52005","22404"
"2011-06-26","27828","24141"
"2011-06-27","111693","27804"
"2011-06-28","121394","47756"
"2011-06-29","114215","25684"
"2011-06-30","115928","31501"
"2011-07-01","121484","49443"
"2011-07-02","53603","60714"
"2011-07-03","24825","37443"
"2011-07-04","114944","27573"
"2011-07-05","118108","46553"
"2011-07-06","116420","46466"
"2011-07-07","112310","27273"
"2011-07-08","122584","68332"
"2011-07-09","55344","45909"
"2011-07-10","34287","36887"
"2011-07-11","110489","26254"
"2011-07-12","113996","31954"
"2011-07-13","116370","44148"
"2011-07-14","116238","43116"
"2011-07-15","122238","36385"
"2011-07-16","49234","26956"
"2011-07-17","34090","27002"
"2011-07-18","115682","31790"
"2011-07-19","121567","45910"
"2011-07-20","117171","46813"
"2011-07-21","116843","51765"
"2011-07-22","118346","31250"
"2011-07-23","55246","51392"
"2011-07-24","34039","16840"
"2011-07-25","110918","26719"
"2011-07-26","119798","33043"
"2011-07-27","103976","27214"
"2011-07-28","107921","28258"
"2011-07-29","114906","48001"
"2011-07-30","49045","45257"
"2011-07-31","28309","19134"
"2011-08-01","102787","24627"
"2011-08-02","108939","51176"
"2011-08-03","103907","42292"
"2011-08-04","104207","46696"
"2011-08-05","109457","45042"
"2011-08-06","48587","59563"
"2011-08-07","33342","31865"
"2011-08-08","100095","24457"
"2011-08-09","112904","34125"
"2011-08-10","112022","35958"
"2011-08-11","111767","38435"
"2011-08-12","112264","41775"
"2011-08-13","45881","37097"
"2011-08-14","37864","50385"
"2011-08-15","49207","13522"
"2011-08-16","108366","32189"
"2011-08-17","109474","29027"
"2011-08-18","115666","47538"
"2011-08-19","114000","37623"
"2011-08-20","64219","49557"
"2011-08-21","38613","30063"
"2011-08-22","109511","26609"
"2011-08-23","115719","39814"
"2011-08-24","114712","37029"
"2011-08-25","114429","37780"
"2011-08-26","130219","45406"
"2011-08-27","63227","59976"
"2011-08-28","36067","32302"
"2011-08-29","110230","27093"
"2011-08-30","113326","35415"
"2011-08-31","114366","31771"
"2011-09-01","121006","31775"
"2011-09-02","125502","57195"
"2011-09-03","71820","59984"
"2011-09-04","44555","42888"
"2011-09-05","114509","27385"
"2011-09-06","128609","44678"
"2011-09-07","122311","38511"
"2011-09-08","119002","39423"
"2011-09-09","109614","47135"
"2011-09-10","38631","33436"
"2011-09-11","20370","22410"
"2011-09-12","22209","7012"
"2011-09-13","29872","31406"
"2011-09-14","99602","35410"
"2011-09-15","114857","33699"
"2011-09-16","119384","35517"
"2011-09-17","68284","50206"
"2011-09-18","43827","41178"
"2011-09-19","113472","27887"
"2011-09-20","118867","33834"
"2011-09-21","117796","33179"
"2011-09-22","119104","33457"
"2011-09-23","121352","58357"
"2011-09-24","72720","75349"
"2011-09-25","48705","34482"
"2011-09-26","113344","50525"
"2011-09-27","116503","60202"
"2011-09-28","116397","39109"
"2011-09-29","115141","44986"
"2011-09-30","122221","28139"
"2011-10-01","65518","42508"
"2011-10-02","40177","42018"
"2011-10-03","43418","46156"
"2011-10-04","115091","32576"
"2011-10-05","119400","35433"
"2011-10-06","119793","43798"
"2011-10-07","123542","30029"
"2011-10-08","67236","37273"
"2011-10-09","49888","26742"
"2011-10-10","113892","27671"
"2011-10-11","117944","30304"
"2011-10-12","120305","29408"
"2011-10-13","117526","27668"
"2011-10-14","119151","28398"
"2011-10-15","66796","24769"
"2011-10-16","41809","26107"
"2011-10-17","112675","30201"
"2011-10-18","117875","43746"
"2011-10-19","115879","29983"
"2011-10-20","117448","29644"
"2011-10-21","123265","33229"
"2011-10-22","70602","65965"
"2011-10-23","43057","21312"
"2011-10-24","111875","27879"
"2011-10-25","119512","31516"
"2011-10-26","118733","28301"
"2011-10-27","119716","32849"
"2011-10-28","122967","29613"
"2011-10-29","69751","25844"
"2011-10-30","48717","21442"
"2011-10-31","115167","54181"
"2011-11-01","130167","29295"
"2011-11-02","126592","28802"
"2011-11-03","122547","30094"
"2011-11-04","132060","32628"
"2011-11-05","96421","24905"
"2011-11-06","46145","41512"
"2011-11-07","120290","31786"
"2011-11-08","127094","27403"
"2011-11-09","126144","30829"
"2011-11-10","123717","27319"
"2011-11-11","129799","32917"
"2011-11-12","84897","21118"
"2011-11-13","63860","23605"
"2011-11-14","117959","40928"
"2011-11-15","121177","26892"
"2011-11-16","125453","27768"
"2011-11-17","122478","39732"
"2011-11-18","123741","40354"
"2011-11-19","77694","30799"
"2011-11-20","43942","25473"
"2011-11-21","115059","26488"
"2011-11-22","118505","32683"
"2011-11-23","135155","31246"
"2011-11-24","128058","30071"
"2011-11-25","127394","30469"
"2011-11-26","67361","25394"
"2011-11-27","38373","18973"
"2011-11-28","117849","26807"
"2011-11-29","121538","28999"
"2011-11-30","116536","36095"
"2011-12-01","119416","30998"
"2011-12-02","122539","29848"
"2011-12-03","69094","25480"
"2011-12-04","37963","29526"
"2011-12-05","115763","26605"
"2011-12-06","120554","26843"
"2011-12-07","118411","28095"
"2011-12-08","121987","29728"
"2011-12-09","123579","34559"
"2011-12-10","63310","21389"
"2011-12-11","38283","17667"
"2011-12-12","116705","26431"
"2011-12-13","121330","27211"
"2011-12-14","120498","27169"
"2011-12-15","121161","35950"
"2011-12-16","125849","28225"
"2011-12-17","63324","27425"
"2011-12-18","43905","22706"
"2011-12-19","121413","26548"
"2011-12-20","132629","27611"
"2011-12-21","126668","28674"
"2011-12-22","126698","31150"
"2011-12-23","125602","32978"
"2011-12-24","84543","31067"
"2011-12-25","62237","24782"
"2011-12-26","115200","26513"
"2011-12-27","123074","26232"
"2011-12-28","126697","26475"
"2011-12-29","123608","31322"
"2011-12-30","115968","31873"
"2011-12-31","65378","29793"
"2012-01-01","29517","16428"
"2012-01-02","106674","25239"
"2012-01-03","116196","26123"
"2012-01-04","114686","26045"
"2012-01-05","117804","26324"
"2012-01-06","122100","33107"
"2012-01-07","61564","27011"
"2012-01-08","39000","31106"
"2012-01-09","116275","29910"
"2012-01-10","119885","29660"
"2012-01-11","118929","27525"
"2012-01-12","118438","29971"
"2012-01-13","133215","28870"
"2012-01-14","79158","28550"
"2012-01-15","40908","16761"
"2012-01-16","117161","26579"
"2012-01-17","122955","31378"
"2012-01-18","123065","27055"
"2012-01-19","119367","32287"
"2012-01-20","110700","29247"
"2012-01-21","36672","15207"
"2012-01-22","19304","12661"
"2012-01-23","13947","9387"
"2012-01-24","23942","15525"
"2012-01-25","101053","23203"
"2012-01-26","116557","25974"
"2012-01-27","123286","27511"
"2012-01-28","62188","25128"
"2012-01-29","39882","22940"
"2012-01-30","116235","25657"
"2012-01-31","126105","27689"
"2012-02-01","116356","26310"
"2012-02-02","104225","27878"
"2012-02-03","115163","30208"
"2012-02-04","57137","25448"
"2012-02-05","35432","19701"
"2012-02-06","113119","26245"
"2012-02-07","117234","30817"
"2012-02-08","113764","26413"
"2012-02-09","115134","29846"
"2012-02-10","118391","27862"
"2012-02-11","61160","29506"
"2012-02-12","40052","20088"
"2012-02-13","113866","25474"
"2012-02-14","121129","26992"
"2012-02-15","118152","26544"
"2012-02-16","119327","25571"
"2012-02-17","117915","34570"
"2012-02-18","54187","25147"
"2012-02-19","35194","26269"
"2012-02-20","113406","25588"
"2012-02-21","118618","29788"
"2012-02-22","119687","31600"
"2012-02-23","117459","29868"
"2012-02-24","120832","28347"
"2012-02-25","59125","27035"
"2012-02-26","36970","22685"
"2012-02-27","116296","28128"
"2012-02-28","119752","49820"
"2012-02-29","123183","30832"
"2012-03-01","48380","23066"
"2012-03-02","107495","26282"
"2012-03-03","56021","23633"
"2012-03-04","34424","21131"
"2012-03-05","112980","27275"
"2012-03-06","113767","27155"
"2012-03-07","118830","29724"
"2012-03-08","116472","28373"
"2012-03-09","119373","28778"
"2012-03-10","68568","22797"
"2012-03-11","37419","16179"
"2012-03-12","113134","27900"
"2012-03-13","118576","28520"
"2012-03-14","119359","41448"
"2012-03-15","118000","28291"
"2012-03-16","120080","28768"
"2012-03-17","59554","34644"
"2012-03-18","41006","52509"
"2012-03-19","112904","28233"
"2012-03-20","116867","33309"
"2012-03-21","115824","33705"
"2012-03-22","117144","30886"
"2012-03-23","116640","27621"
"2012-03-24","58689","37758"
"2012-03-25","38024","33495"
"2012-03-26","115356","62008"
"2012-03-27","117648","55870"
"2012-03-28","116945","32870"
"2012-03-29","115938","34106"
"2012-03-30","119548","33237"
"2012-03-31","61685","31042"
"2012-04-01","35926","31937"
"2012-04-02","113545","27337"
"2012-04-03","110508","27024"
"2012-04-04","116167","28668"
"2012-04-05","115684","27868"
"2012-04-06","119357","29520"
"2012-04-07","69267","44911"
"2012-04-08","45288","36412"
"2012-04-09","113372","28076"
"2012-04-10","118404","32538"
"2012-04-11","44993","45528"
"2012-04-12","116667","48057"
"2012-04-13","119044","54859"
"2012-04-14","62845","50764"
"2012-04-15","41080","41780"
"2012-04-16","113583","28210"
"2012-04-17","119275","40938"
"2012-04-18","116697","42349"
"2012-04-19","116593","43639"
"2012-04-20","119040","46547"
"2012-04-21","49201","19584"
"2012-04-22","29213","22455"
"2012-04-23","110791","28088"
"2012-04-24","116390","41533"
"2012-04-25","111790","27504"
"2012-04-26","117318","43618"
"2012-04-27","121031","122823"
"2012-04-28","60640","52974"
"2012-04-29","37672","48299"
"2012-04-30","115184","26625"
"2012-05-01","68680","52309"
"2012-05-02","118008","48525"
"2012-05-03","116229","46140"
"2012-05-04","123176","57997"
"2012-05-05","65304","47449"
"2012-05-06","43998","41102"
"2012-05-07","114261","29811"
"2012-05-08","115570","43293"
"2012-05-09","116979","44356"
"2012-05-10","117708","45977"
"2012-05-11","117998","56130"
"2012-05-12","71870","50673"
"2012-05-13","40495","45390"
"2012-05-14","108308","28020"
"2012-05-15","94072","43458"
"2012-05-16","117553","63923"
"2012-05-17","113977","53268"
"2012-05-18","121156","55096"
"2012-05-19","79879","65307"
"2012-05-20","41795","57536"
"2012-05-21","112991","30367"
"2012-05-22","116607","50548"
"2012-05-23","117474","46459"
"2012-05-24","117571","48524"
"2012-05-25","121934","58196"
"2012-05-26","65701","52104"
"2012-05-27","42480","42797"
"2012-05-28","40783","15252"
"2012-05-29","113137","53551"
"2012-05-30","115022","49133"
"2012-05-31","114939","53520"
"2012-06-01","116901","51936"
"2012-06-02","73014","47541"
"2012-06-03","37013","39139"
"2012-06-04","110925","28136"
"2012-06-05","114928","44190"
"2012-06-06","44098","48800"
"2012-06-07","113521","39053"
"2012-06-08","115197","45181"
"2012-06-09","61812","45972"
"2012-06-10","39814","54294"
"2012-06-11","110512","27730"
"2012-06-12","113940","39094"
"2012-06-13","115739","40310"
"2012-06-14","115830","42286"
"2012-06-15","117199","49903"
"2012-06-16","62250","50002"
"2012-06-17","36169","35254"
"2012-06-18","110491","27532"
"2012-06-19","113311","37739"
"2012-06-20","164578","41297"
"2012-06-21","114665","40364"
"2012-06-22","116084","55313"
"2012-06-23","59472","54388"
"2012-06-24","47021","46757"
"2012-06-25","111260","27499"
"2012-06-26","115193","52850"
"2012-06-27","116010","53501"
"2012-06-28","116683","52528"
"2012-06-29","115836","54592"
"2012-06-30","50581","33196"
"2012-07-01","33168","35135"
"2012-07-02","109712","26313"
"2012-07-03","115646","42388"
"2012-07-04","113750","42617"
"2012-07-05","111657","26653"
"2012-07-06","112738","27014"
"2012-07-07","60703","51556"
"2012-07-08","36160","39764"
"2012-07-09","113394","26564"
"2012-07-10","114894","40099"
"2012-07-11","111716","39393"
"2012-07-12","114403","43425"
"2012-07-13","115810","38073"
"2012-07-14","51016","37667"
"2012-07-15","28800","20492"
"2012-07-16","111181","26389"
"2012-07-17","113959","35719"
"2012-07-18","111846","35405"
"2012-07-19","108358","37797"
"2012-07-20","115183","32607"
"2012-07-21","52499","21325"
"2012-07-22","31764","15863"
"2012-07-23","109008","27015"
"2012-07-24","111296","48168"
"2012-07-25","111707","45795"
"2012-07-26","119948","44591"
"2012-07-27","111804","49788"
"2012-07-28","47510","42573"
"2012-07-29","29633","36991"
"2012-07-30","101847","25035"
"2012-07-31","106555","38474"
"2012-08-01","101041","40314"
"2012-08-02","97892","37110"
"2012-08-03","98608","71853"
"2012-08-04","41789","71893"
"2012-08-05","26801","34085"
"2012-08-06","96799","25455"
"2012-08-07","103037","41723"
"2012-08-08","101955","37799"
"2012-08-09","104678","39048"
"2012-08-10","110840","36614"
"2012-08-11","54106","60073"
"2012-08-12","31799","16613"
"2012-08-13","103901","25325"
"2012-08-14","113135","46601"
"2012-08-15","31951","29827"
"2012-08-16","108529","44242"
"2012-08-17","109631","50118"
"2012-08-18","50925","84427"
"2012-08-19","30686","59744"
"2012-08-20","101839","25354"
"2012-08-21","105828","31018"
"2012-08-22","108279","39958"
"2012-08-23","109540","34310"
"2012-08-24","114429","38470"
"2012-08-25","53128","35147"
"2012-08-26","35748","34202"
"2012-08-27","107292","26355"
"2012-08-28","88501","17921"
"2012-08-29","109670","37951"
"2012-08-30","105633","25159"
"2012-08-31","119048","28273"
"2012-09-01","56328","26698"
"2012-09-02","52840","18150"
"2012-09-03","107617","27711"
"2012-09-04","112547","27225"
"2012-09-05","110325","27904"
"2012-09-06","112014","35971"
"2012-09-07","127744","38492"
"2012-09-08","59755","48073"
"2012-09-09","37442","33725"
"2012-09-10","108832","54390"
"2012-09-11","113527","32789"
"2012-09-12","111730","36369"
"2012-09-13","114144","27861"
"2012-09-14","120980","57861"
"2012-09-15","65345","115400"
"2012-09-16","39232","97535"
"2012-09-17","101231","25055"
"2012-09-18","113980","42859"
"2012-09-19","119214","35361"
"2012-09-20","123471","36754"
"2012-09-21","124668","48627"
"2012-09-22","73536","38112"
"2012-09-23","50720","30031"
"2012-09-24","112547","35734"
"2012-09-25","117807","41296"
"2012-09-26","116574","38070"
"2012-09-27","115026","34564"
"2012-09-28","106554","34439"
"2012-09-29","23337","22564"
"2012-09-30","24797","20123"
"2012-10-01","40082","21567"
"2012-10-02","83436","38195"
"2012-10-03","52263","28323"
"2012-10-04","248049","26719"
"2012-10-05","120736","36202"
"2012-10-06","75646","47654"
"2012-10-07","47925","16909"
"2012-10-08","121090","52318"
"2012-10-09","115583","54746"
"2012-10-10","114317","30006"
"2012-10-11","116885","29269"
"2012-10-12","118987","30339"
"2012-10-13","70856","26964"
"2012-10-14","49030","23914"
"2012-10-15","111664","28459"
"2012-10-16","115885","29819"
"2012-10-17","116743","33826"
"2012-10-18","119107","32294"
"2012-10-19","122679","30873"
"2012-10-20","71622","38487"
"2012-10-21","45784","27964"
"2012-10-22","107792","27883"
"2012-10-23","117208","37217"
"2012-10-24","118249","31834"
"2012-10-25","120987","28339"
"2012-10-26","127237","31188"
"2012-10-27","61054","26090"
"2012-10-28","55869","23637"
"2012-10-29","115815","28268"
"2012-10-30","132348","32396"
"2012-10-31","129176","59370"
"2012-11-01","120156","55707"
"2012-11-02","148279","31511"
"2012-11-03","108608","27183"
"2012-11-04","44352","36009"
"2012-11-05","111491","27094"
"2012-11-06","121084","29582"
"2012-11-07","121884","28990"
"2012-11-08","121878","30054"
"2012-11-09","131634","29277"
"2012-11-10","89193","28088"
"2012-11-11","42641","28698"
"2012-11-12","119508","27583"
"2012-11-13","124349","32787"
"2012-11-14","120584","28705"
"2012-11-15","125146","28034"
"2012-11-16","125332","33112"
"2012-11-17","76701","30332"
"2012-11-18","50138","24956"
"2012-11-19","113711","26551"
"2012-11-20","119869","27808"
"2012-11-21","122011","26891"
"2012-11-22","123475","26553"
"2012-11-23","126017","35318"
"2012-11-24","65810","19953"
"2012-11-25","41412","25426"
"2012-11-26","114563","26233"
"2012-11-27","123705","27045"
"2012-11-28","118285","31820"
"2012-11-29","120362","26457"
"2012-11-30","124089","27761"
"2012-12-01","62731","26853"
"2012-12-02","39088","29127"
"2012-12-03","115033","26544"
"2012-12-04","120740","29270"
"2012-12-05","131835","30531"
"2012-12-06","125861","28615"
"2012-12-07","132315","31313"
"2012-12-08","74587","24417"
"2012-12-09","36848","18910"
"2012-12-10","116575","26483"
"2012-12-11","120624","32295"
"2012-12-12","124945","34319"
"2012-12-13","126728","27506"
"2012-12-14","127020","31842"
"2012-12-15","84416","21692"
"2012-12-16","49473","25267"
"2012-12-17","125189","26639"
"2012-12-18","138059","28307"
"2012-12-19","53411","16444"
"2012-12-20","132485","29709"
"2012-12-21","133799","36309"
"2012-12-22","74878","22276"
"2012-12-23","48469","17329"
"2012-12-24","134045","34048"
"2012-12-25","80467","23577"
"2012-12-26","126901","26025"
"2012-12-27","129363","30571"
"2012-12-28","129922","27857"
"2012-12-29","66311","22714"
"2012-12-30","47961","25573"
"2012-12-31","115483","29716"
"2013-01-01","34499","10111"
"2013-01-02","119478","26155"
"2013-01-03","119030","24394"
"2013-01-04","127029","27105"
"2013-01-05","64546","27287"
"2013-01-06","43291","15378"
"2013-01-07","118046","26039"
"2013-01-08","129136","26269"
"2013-01-09","125384","33207"
"2013-01-10","124714","26023"
"2013-01-11","130578","27572"
"2013-01-12","76606","20420"
"2013-01-13","52040","23946"
"2013-01-14","120332","26436"
"2013-01-15","131669","29293"
"2013-01-16","131393","26635"
"2013-01-17","127637","26146"
"2013-01-18","130320","31304"
"2013-01-19","74600","24476"
"2013-01-20","47232","19725"
"2013-01-21","113837","24706"
"2013-01-22","129896","25664"
"2013-01-23","125946","31185"
"2013-01-24","127934","25627"
"2013-01-25","127448","26931"
"2013-01-26","64909","21341"
"2013-01-27","43481","20025"
"2013-01-28","118869","24817"
"2013-01-29","127151","25708"
"2013-01-30","129448","26284"
"2013-01-31","126700","30268"
"2013-02-01","118976","25462"
"2013-02-02","68600","28070"
"2013-02-03","43072","20808"
"2013-02-04","125177","28696"
"2013-02-05","131485","28269"
"2013-02-06","127428","27770"
"2013-02-07","121221","29274"
"2013-02-08","102323","31585"
"2013-02-09","21452","7280"
"2013-02-10","19054","8373"
"2013-02-11","23694","12243"
"2013-02-12","107098","22096"
"2013-02-13","122012","27805"
"2013-02-14","129637","26303"
"2013-02-15","129471","31348"
"2013-02-16","71081","27010"
"2013-02-17","43424","25138"
"2013-02-18","120873","25600"
"2013-02-19","131713","30478"
"2013-02-20","131049","31136"
"2013-02-21","129552","28353"
"2013-02-22","129942","28330"
"2013-02-23","72978","25068"
"2013-02-24","48831","25094"
"2013-02-25","122527","26208"
"2013-02-26","130692","30410"
"2013-02-27","132348","31352"
"2013-02-28","132105","43795"
"2013-03-01","63352","23680"
"2013-03-02","61450","16000"
"2013-03-03","40192","18236"
"2013-03-04","115125","27980"
"2013-03-05","123079","29923"
"2013-03-06","121127","29959"
"2013-03-07","120267","28612"
"2013-03-08","126755","28898"
"2013-03-09","76345","22491"
"2013-03-10","45091","20874"
"2013-03-11","117205","27726"
"2013-03-12","123381","30488"
"2013-03-13","122524","40963"
"2013-03-14","126760","30117"
"2013-03-15","126888","32348"
"2013-03-16","74844","24716"
"2013-03-17","53132","40563"
"2013-03-18","118749","28160"
"2013-03-19","124872","29565"
"2013-03-20","121054","27652"
"2013-03-21","121828","27542"
"2013-03-22","128472","28530"
"2013-03-23","80677","41432"
"2013-03-24","48742","36558"
"2013-03-25","118111","27409"
"2013-03-26","126493","27661"
"2013-03-27","126567","32120"
"2013-03-28","127015","27650"
"2013-03-29","132684","29704"
"2013-03-30","76906","20367"
"2013-03-31","52391","18201"
"2013-04-01","118355","31722"
"2013-04-02","124742","37448"
"2013-04-03","126650","41470"
"2013-04-04","128535","37820"
"2013-04-05","134387","52559"
"2013-04-06","67931","19810"
"2013-04-07","53003","44262"
"2013-04-08","117628","28298"
"2013-04-09","126711","36461"
"2013-04-10","127074","37559"
"2013-04-11","128618","36366"
"2013-04-12","137576","51231"
"2013-04-13","89634","52947"
"2013-04-14","55136","40281"
"2013-04-15","114899","27379"
"2013-04-16","123554","28750"
"2013-04-17","121642","28579"
"2013-04-18","120816","27545"
"2013-04-19","125948","44465"
"2013-04-20","60757","20990"
"2013-04-21","44871","32245"
"2013-04-22","117056","27571"
"2013-04-23","118038","28107"
"2013-04-24","120800","43639"
"2013-04-25","118803","39515"
"2013-04-26","126163","55052"
"2013-04-27","67383","57783"
"2013-04-28","41964","37601"
"2013-04-29","117033","27584"
"2013-04-30","124654","59698"
"2013-05-01","78147","58860"
"2013-05-02","122851","55822"
"2013-05-03","128085","54075"
"2013-05-04","88797","53504"
"2013-05-05","56995","39215"
"2013-05-06","117832","31548"
"2013-05-07","122806","40553"
"2013-05-08","121561","37961"
"2013-05-09","120356","33083"
"2013-05-10","119212","40363"
"2013-05-11","81125","48810"
"2013-05-12","47297","35786"
"2013-05-13","120565","35006"
"2013-05-14","125815","45483"
"2013-05-15","126542","51894"
"2013-05-16","125750","52680"
"2013-05-17","58639","58572"
"2013-05-18","52160","44693"
"2013-05-19","48063","41119"
"2013-05-20","115373","32892"
"2013-05-21","112175","35824"
"2013-05-22","124466","41286"
"2013-05-23","125729","53380"
"2013-05-24","120372","44154"
"2013-05-25","78460","60339"
"2013-05-26","46698","58961"
"2013-05-27","113813","28079"
"2013-05-28","119083","37057"
"2013-05-29","119274","40787"
"2013-05-30","125246","45698"
"2013-05-31","119723","41534"
"2013-06-01","67783","94704"
"2013-06-02","41640","33305"
"2013-06-03","114510","29452"
"2013-06-04","118793","55862"
"2013-06-05","120234","51825"
"2013-06-06","56067","46047"
"2013-06-07","110169","48839"
"2013-06-08","57490","44316"
"2013-06-09","36927","37993"
"2013-06-10","112977","27795"
"2013-06-11","120805","33667"
"2013-06-12","119741","33407"
"2013-06-13","119583","48469"
"2013-06-14","120008","68318"
"2013-06-15","65321","63325"
"2013-06-16","38175","31555"
"2013-06-17","112193","26858"
"2013-06-18","114044","28644"
"2013-06-19","114427","41316"
"2013-06-20","120949","47281"
"2013-06-21","122690","49813"
"2013-06-22","64079","49185"
"2013-06-23","40862","29343"
"2013-06-24","115115","27845"
"2013-06-25","121511","30247"
"2013-06-26","123456","27984"
"2013-06-27","127376","29465"
"2013-06-28","124428","50766"
"2013-06-29","61964","41900"
"2013-06-30","36835","36499"
"2013-07-01","113148","27166"
"2013-07-02","116144","25957"
"2013-07-03","121209","41580"
"2013-07-04","120605","30774"
"2013-07-05","120787","42883"
"2013-07-06","67539","40140"
"2013-07-07","36939","24722"
"2013-07-08","109193","26790"
"2013-07-09","118975","35804"
"2013-07-10","119039","38953"
"2013-07-11","117739","35458"
"2013-07-12","122253","29153"
"2013-07-13","62317","43909"
"2013-07-14","35390","17888"
"2013-07-15","112595","28879"
"2013-07-16","121236","34922"
"2013-07-17","117983","36817"
"2013-07-18","122160","26358"
"2013-07-19","125142","26901"
"2013-07-20","60256","35461"
"2013-07-21","39330","15137"
"2013-07-22","110095","25257"
"2013-07-23","115061","40385"
"2013-07-24","119145","49410"
"2013-07-25","124809","51157"
"2013-07-26","124616","50085"
"2013-07-27","75908","47287"
"2013-07-28","37999","67117"
"2013-07-29","110756","24771"
"2013-07-30","122085","25064"
"2013-07-31","118582","25680"
"2013-08-01","120889","25182"
"2013-08-02","118368","50381"
"2013-08-03","73000","45372"
"2013-08-04","42641","36397"
"2013-08-05","103663","25532"
"2013-08-06","113407","34091"
"2013-08-07","117875","37330"
"2013-08-08","117541","45912"
"2013-08-09","116712","47996"
"2013-08-10","83329","41785"
"2013-08-11","43454","38779"
"2013-08-12","108690","25719"
"2013-08-13","122198","43026"
"2013-08-14","130237","44788"
"2013-08-15","58976","35072"
"2013-08-16","104548","43417"
"2013-08-17","72641","72187"
"2013-08-18","51579","44978"
"2013-08-19","107950","29317"
"2013-08-20","116334","37152"
"2013-08-21","117644","37869"
"2013-08-22","117795","31255"
"2013-08-23","134573","28661"
"2013-08-24","68754","45175"
"2013-08-25","40542","26678"
"2013-08-26","113750","26425"
"2013-08-27","130781","44648"
"2013-08-28","127061","43626"
"2013-08-29","113938","25455"
"2013-08-30","124451","27100"
"2013-08-31","70851","54628"
"2013-09-01","43168","39515"
"2013-09-02","114667","26931"
"2013-09-03","122491","39280"
"2013-09-04","122761","39487"
"2013-09-05","127718","40489"
"2013-09-06","132158","44304"
"2013-09-07","86068","44757"
"2013-09-08","54956","42834"
"2013-09-09","115830","28064"
"2013-09-10","126983","31353"
"2013-09-11","120837","34829"
"2013-09-12","127396","41311"
"2013-09-13","135372","64843"
"2013-09-14","64189","74108"
"2013-09-15","53435","48374"
"2013-09-16","113174","26193"
"2013-09-17","109502","27332"
"2013-09-18","27371","17259"
"2013-09-19","29238","20262"
"2013-09-20","41903","34081"
"2013-09-21","50986","31209"
"2013-09-22","39388","27901"
"2013-09-23","111958","40527"
"2013-09-24","121525","29998"
"2013-09-25","127031","28229"
"2013-09-26","130149","44732"
"2013-09-27","132299","61366"
"2013-09-28","88181","100683"
"2013-09-29","52585","35968"
"2013-09-30","117533","50348"
"2013-10-01","154991","30716"
"2013-10-02","125021","45085"
"2013-10-03","66975","34676"
"2013-10-04","121829","26474"
"2013-10-05","75770","49584"
"2013-10-06","52591","17032"
"2013-10-07","113672","27856"
"2013-10-08","121344","28673"
"2013-10-09","56781","38141"
"2013-10-10","123034","30101"
"2013-10-11","124134","50639"
"2013-10-12","72358","51215"
"2013-10-13","51762","25506"
"2013-10-14","115383","32264"
"2013-10-15","117405","29707"
"2013-10-16","119810","58277"
"2013-10-17","123098","58126"
"2013-10-18","125334","30556"
"2013-10-19","80409","53111"
"2013-10-20","55070","47809"
"2013-10-21","114803","29928"
"2013-10-22","121220","32091"
"2013-10-23","120525","29290"
"2013-10-24","123471","29459"
"2013-10-25","128060","30994"
"2013-10-26","80799","35615"
"2013-10-27","54207","51912"
"2013-10-28","117693","55564"
"2013-10-29","124971","58187"
"2013-10-30","125418","31776"
"2013-10-31","132828","38526"
"2013-11-01","147057","35094"
"2013-11-02","85059","34024"
"2013-11-03","66862","33804"
"2013-11-04","122381","30644"
"2013-11-05","133303","31855"
"2013-11-06","129835","33451"
"2013-11-07","133239","30315"
"2013-11-08","138098","39665"
"2013-11-09","90572","29938"
"2013-11-10","69248","29517"
"2013-11-11","122997","27555"
"2013-11-12","128161","27831"
"2013-11-13","133054","28535"
"2013-11-14","128922","28071"
"2013-11-15","130593","31349"
"2013-11-16","97379","21928"
"2013-11-17","53248","31162"
"2013-11-18","116419","26535"
"2013-11-19","125382","27235"
"2013-11-20","124817","46924"
"2013-11-21","125517","27496"
"2013-11-22","136020","30109"
"2013-11-23","72963","22468"
"2013-11-24","43721","26376"
"2013-11-25","113771","27002"
"2013-11-26","125349","28759"
"2013-11-27","125823","28572"
"2013-11-28","125007","30922"
"2013-11-29","129790","29768"
"2013-11-30","72073","32890"
"2013-12-01","44912","26651"
"2013-12-02","118087","26915"
"2013-12-03","125649","27515"
"2013-12-04","123908","32438"
"2013-12-05","124198","28377"
"2013-12-06","131408","34460"
"2013-12-07","78550","25172"
"2013-12-08","42359","27767"
"2013-12-09","115167","26840"
"2013-12-10","127111","30998"
"2013-12-11","126280","29429"
"2013-12-12","130950","33923"
"2013-12-13","128341","29772"
"2013-12-14","69382","34077"
"2013-12-15","42665","21181"
"2013-12-16","119681","26781"
"2013-12-17","127885","28160"
"2013-12-18","129943","32757"
"2013-12-19","150980","28328"
"2013-12-20","132394","31364"
"2013-12-21","75864","23320"
"2013-12-22","49753","23842"
"2013-12-23","127952","32468"
"2013-12-24","150227","45499"
"2013-12-25","84189","28182"
"2013-12-26","124989","27715"
"2013-12-27","130109","34701"
"2013-12-28","112395","20939"
"2013-12-29","42786","25950"
"2013-12-30","120071","38665"
"2013-12-31","130465","40394"
"2014-01-01","38426","13776"
"2014-01-02","117920","24927"
"2014-01-03","124209","35810"
"2014-01-04","66395","18370"
"2014-01-05","43158","20276"
"2014-01-06","116471","26712"
"2014-01-07","127526","26820"
"2014-01-08","124400","28912"
"2014-01-09","122723","26313"
"2014-01-10","122776","30458"
"2014-01-11","73779","26301"
"2014-01-12","46454","18572"
"2014-01-13","114821","35302"
"2014-01-14","124073","25487"
"2014-01-15","124612","30646"
"2014-01-16","126567","29586"
"2014-01-17","130819","28440"
"2014-01-18","79819","26750"
"2014-01-19","50781","20226"
"2014-01-20","121499","27593"
"2014-01-21","127911","26307"
"2014-01-22","124863","27175"
"2014-01-23","128014","35704"
"2014-01-24","128655","30606"
"2014-01-25","57637","23118"
"2014-01-26","44446","20098"
"2014-01-27","120360","25079"
"2014-01-28","124671","25079"
"2014-01-29","105919","26165"
"2014-01-30","20030","10365"
"2014-01-31","23414","6241"
"2014-02-01","26815","12056"
"2014-02-02","32953","11949"
"2014-02-03","108005","24418"
"2014-02-04","117630","27141"
"2014-02-05","119108","27060"
"2014-02-06","120872","26829"
"2014-02-07","126577","29193"
"2014-02-08","64779","24224"
"2014-02-09","44582","19389"
"2014-02-10","117249","25771"
"2014-02-11","123265","30250"
"2014-02-12","120850","28371"
"2014-02-13","121288","25710"
"2014-02-14","123416","30514"
"2014-02-15","74282","25209"
"2014-02-16","45309","23614"
"2014-02-17","117643","25673"
"2014-02-18","125232","25891"
"2014-02-19","125055","30327"
"2014-02-20","123773","30188"
"2014-02-21","125264","26968"
"2014-02-22","69561","25005"
"2014-02-23","47742","17465"
"2014-02-24","116061","25765"
"2014-02-25","141608","27957"
"2014-02-26","126830","34850"
"2014-02-27","121253","27651"
"2014-02-28","124332","44438"
"2014-03-01","75174","21959"
"2014-03-02","39923","18521"
"2014-03-03","112882","27653"
"2014-03-04","118757","26989"
"2014-03-05","120247","29365"
"2014-03-06","118192","29510"
"2014-03-07","122068","31545"
"2014-03-08","67191","21296"
"2014-03-09","39377","31195"
"2014-03-10","113869","28041"
"2014-03-11","119785","27906"
"2014-03-12","119672","27485"
"2014-03-13","121515","29801"
"2014-03-14","127839","28289"
"2014-03-15","72082","24879"
"2014-03-16","48596","39850"
"2014-03-17","116572","28035"
"2014-03-18","123879","27553"
"2014-03-19","121481","28337"
"2014-03-20","123438","31446"
"2014-03-21","127610","34519"
"2014-03-22","83933","43057"
"2014-03-23","45890","35972"
"2014-03-24","117149","27999"
"2014-03-25","124024","27996"
"2014-03-26","130422","28386"
"2014-03-27","125649","45134"
"2014-03-28","129954","28680"
"2014-03-29","75196","50388"
"2014-03-30","51657","41671"
"2014-03-31","116779","27192"
"2014-04-01","120554","42079"
"2014-04-02","120528","39430"
"2014-04-03","117594","38152"
"2014-04-04","123041","48016"
"2014-04-05","66968","43642"
"2014-04-06","46001","37049"
"2014-04-07","115617","28235"
"2014-04-08","119603","36475"
"2014-04-09","120313","37460"
"2014-04-10","120026","39621"
"2014-04-11","123895","43530"
"2014-04-12","64903","40597"
"2014-04-13","44399","31841"
"2014-04-14","115526","29304"
"2014-04-15","125171","55570"
"2014-04-16","120299","40434"
"2014-04-17","119740","39606"
"2014-04-18","122588","48710"
"2014-04-19","63373","51607"
"2014-04-20","40679","39513"
"2014-04-21","112558","27569"
"2014-04-22","117523","28255"
"2014-04-23","118564","28274"
"2014-04-24","117660","29362"
"2014-04-25","123546","50747"
"2014-04-26","70200","43313"
"2014-04-27","44175","26094"
"2014-04-28","121579","27867"
"2014-04-29","128567","36850"
"2014-04-30","132073","40136"
"2014-05-01","80338","39361"
"2014-05-02","115128","22670"
"2014-05-03","76819","39234"
"2014-05-04","57815","33230"
"2014-05-05","68885","34036"
"2014-05-06","55566","48337"
"2014-05-07","116323","40406"
"2014-05-08","116907","37133"
"2014-05-09","126468","46173"
"2014-05-10","74586","58122"
"2014-05-11","42089","40583"
"2014-05-12","115406","27738"
"2014-05-13","121077","44312"
"2014-05-14","120146","46047"
"2014-05-15","123639","47986"
"2014-05-16","123584","42254"
"2014-05-17","84611","58032"
"2014-05-18","45330","34088"
"2014-05-19","114334","28971"
"2014-05-20","118670","31438"
"2014-05-21","121493","41330"
"2014-05-22","121079","29376"
"2014-05-23","122804","46249"
"2014-05-24","75983","45921"
"2014-05-25","41117","34183"
"2014-05-26","113780","27724"
"2014-05-27","118102","44524"
"2014-05-28","119328","44619"
"2014-05-29","117524","44808"
"2014-05-30","120152","49169"
"2014-05-31","66910","45834"
"2014-06-01","38236","46922"
"2014-06-02","111246","26484"
"2014-06-03","116904","29552"
"2014-06-04","48042","16558"
"2014-06-05","106219","26847"
"2014-06-06","51733","38050"
"2014-06-07","54480","39143"
"2014-06-08","34889","31625"
"2014-06-09","109368","27950"
"2014-06-10","117504","36529"
"2014-06-11","116018","30740"
"2014-06-12","117518","37133"
"2014-06-13","120688","59314"
"2014-06-14","65725","58658"
"2014-06-15","39284","36537"
"2014-06-16","111656","26862"
"2014-06-17","117261","39906"
"2014-06-18","118196","41968"
"2014-06-19","119195","42760"
"2014-06-20","120618","46404"
"2014-06-21","62848","58314"
"2014-06-22","40729","46583"
"2014-06-23","113934","26996"
"2014-06-24","119697","36696"
"2014-06-25","119188","39170"
"2014-06-26","120531","35931"
"2014-06-27","121977","40882"
"2014-06-28","65404","36847"
"2014-06-29","37041","25637"
"2014-06-30","112580","30003"
"2014-07-01","115469","37158"
"2014-07-02","116624","37139"
"2014-07-03","115259","36366"
"2014-07-04","119073","43265"
"2014-07-05","56765","44807"
"2014-07-06","36134","31549"
"2014-07-07","111647","27030"
"2014-07-08","116585","40047"
"2014-07-09","116100","39900"
"2014-07-10","119848","47467"
"2014-07-11","119083","39555"
"2014-07-12","60782","59679"
"2014-07-13","36735","50048"
"2014-07-14","111237","30631"
"2014-07-15","116857","44717"
"2014-07-16","118608","47353"
"2014-07-17","116919","27330"
"2014-07-18","118322","29731"
"2014-07-19","63538","52531"
"2014-07-20","39087","20947"
"2014-07-21","112523","26390"
"2014-07-22","128712","33480"
"2014-07-23","115916","28186"
"2014-07-24","135334","32423"
"2014-07-25","122381","42386"
"2014-07-26","56155","56640"
"2014-07-27","41978","43254"
"2014-07-28","111591","37708"
"2014-07-29","117185","29716"
"2014-07-30","116286","24880"
"2014-07-31","114646","30938"
"2014-08-01","112308","38117"
"2014-08-02","51999","31928"
"2014-08-03","35368","15607"
"2014-08-04","101910","29023"
"2014-08-05","111663","41244"
"2014-08-06","112028","26323"
"2014-08-07","115375","35170"
"2014-08-08","116902","37752"
"2014-08-09","60392","84811"
"2014-08-10","51540","27674"
"2014-08-11","112094","35249"
"2014-08-12","121553","38686"
"2014-08-13","117032","35465"
"2014-08-14","117280","40223"
"2014-08-15","72329","63261"
"2014-08-16","33887","49242"
"2014-08-17","34229","25933"
"2014-08-18","108296","25859"
"2014-08-19","113998","26501"
"2014-08-20","116215","32342"
"2014-08-21","111373","26905"
"2014-08-22","119798","47393"
"2014-08-23","63474","42743"
"2014-08-24","40985","29176"
"2014-08-25","116974","25625"
"2014-08-26","122255","40455"
"2014-08-27","122870","46450"
"2014-08-28","121078","40306"
"2014-08-29","123453","55445"
"2014-08-30","67274","95457"
"2014-08-31","40367","93051"
"2014-09-01","116427","27377"
"2014-09-02","124794","35044"
"2014-09-03","118199","29067"
"2014-09-04","124261","47079"
"2014-09-05","117310","49908"
"2014-09-06","43247","26890"
"2014-09-07","25597","18479"
"2014-09-08","36275","6491"
"2014-09-09","33403","9509"
"2014-09-10","43444","14017"
"2014-09-11","110325","38201"
"2014-09-12","120856","44543"
"2014-09-13","68787","57808"
"2014-09-14","44404","36343"
"2014-09-15","114607","29656"
"2014-09-16","120449","40311"
"2014-09-17","122227","90053"
"2014-09-18","123985","34501"
"2014-09-19","121973","39011"
"2014-09-20","72069","46780"
"2014-09-21","50556","32140"
"2014-09-22","114076","28049"
"2014-09-23","119121","27794"
"2014-09-24","117331","27952"
"2014-09-25","122303","31043"
"2014-09-26","123253","28605"
"2014-09-27","77468","36119"
"2014-09-28","46799","18859"
"2014-09-29","113229","26358"
"2014-09-30","121622","28862"
"2014-10-01","121574","34490"
"2014-10-02","122511","28167"
"2014-10-03","68909","40257"
"2014-10-04","69880","56938"
"2014-10-05","51430","26776"
"2014-10-06","117016","36679"
"2014-10-07","122817","41557"
"2014-10-08","123410","41775"
"2014-10-09","60612","38185"
"2014-10-10","115446","52706"
"2014-10-11","68300","85603"
"2014-10-12","53631","45354"
"2014-10-13","115884","29540"
"2014-10-14","120272","32179"
"2014-10-15","120496","38077"
"2014-10-16","119162","38915"
"2014-10-17","122427","40991"
"2014-10-18","82915","49223"
"2014-10-19","50354","22273"
"2014-10-20","109518","28037"
"2014-10-21","118154","28746"
"2014-10-22","124044","30904"
"2014-10-23","128054","32032"
"2014-10-24","130120","57618"
"2014-10-25","81911","85094"
"2014-10-26","54019","23516"
"2014-10-27","118206","29987"
"2014-10-28","123179","29378"
"2014-10-29","123734","29046"
"2014-10-30","124206","53419"
"2014-10-31","128297","56829"
"2014-11-01","81084","26925"
"2014-11-02","47219","18593"
"2014-11-03","116280","27161"
"2014-11-04","121726","27731"
"2014-11-05","122437","30319"
"2014-11-06","122811","30667"
"2014-11-07","136227","27423"
"2014-11-08","104115","25480"
"2014-11-09","67447","36310"
"2014-11-10","121679","51668"
"2014-11-11","130111","66704"
"2014-11-12","127286","31633"
"2014-11-13","120756","26549"
"2014-11-14","135167","30826"
"2014-11-15","90310","30430"
"2014-11-16","53844","24412"
"2014-11-17","118692","37179"
"2014-11-18","133302","26934"
"2014-11-19","127065","28604"
"2014-11-20","132718","33929"
"2014-11-21","131594","28263"
"2014-11-22","87903","31054"
"2014-11-23","55887","31459"
"2014-11-24","116153","29437"
"2014-11-25","122623","28450"
"2014-11-26","128405","31580"
"2014-11-27","124125","33804"
"2014-11-28","122819","30631"
"2014-11-29","68720","24973"
"2014-11-30","38896","22637"
"2014-12-01","116920","31443"
"2014-12-02","117669","26171"
"2014-12-03","121888","28344"
"2014-12-04","123590","30467"
"2014-12-05","123864","35425"
"2014-12-06","62755","28250"
"2014-12-07","39422","26335"
"2014-12-08","116701","26563"
"2014-12-09","124979","33518"
"2014-12-10","126306","28498"
"2014-12-11","123296","29692"
"2014-12-12","127323","29547"
"2014-12-13","66315","28356"
"2014-12-14","40816","22798"
"2014-12-15","121159","27035"
"2014-12-16","126166","29698"
"2014-12-17","120835","31182"
"2014-12-18","122930","30107"
"2014-12-19","133237","29640"
"2014-12-20","75664","30633"
"2014-12-21","47889","19297"
"2014-12-22","126249","26772"
"2014-12-23","132028","31213"
"2014-12-24","142369","41627"
"2014-12-25","79593","26883"
"2014-12-26","117431","26245"
"2014-12-27","69377","28256"
"2014-12-28","45700","22821"
"2014-12-29","121976","25786"
"2014-12-30","125746","37249"
"2014-12-31","127878","38136"
